1,GL 462,"<h4>Features</h4>
<ul>
<li>Elegant SS exterior with glass lid</li>
<li>Cast iron pan supports</li>
<li>Italian thermostat and burners</li>
<li>Auto ignition in all burners & oven/grill</li>
<li>Large single chamber Gas oven/grill</li>
<li>Flame failure device in oven </li>
<li>Motorised rotisseries </li>
<li>Minute minder - 120 minutes</li>
<li>Light in oven</li>
</ul>

<h4>Cooking output</h4>
<ul>
  <li> Four burners- 1 Triple ring burner, 2 semi
rapid burners & 1 auxiliary burner </li>
</ul>",0,0,2
2,GL 492,"<h4>Features</h4>
<ul>
<li>Elegant SS exterior with glass lid</li>
<li>Cast iron pan supports</li>
<li>Italian thermostat and burners</li>
<li>Auto ignition in all burners & oven/grill</li>
<li>Large single chamber Gas oven/grill</li>
<li>Flame failure device in oven </li>
<li>Motorised rotisseries </li>
<li>Minute minder - 120 minutes</li>
<li>Light in oven</li>
</ul>

<h4>Cooking output</h4>
<ul>
  <li> Five burners - 1 Triple ring burner, 2 semi rapid
burners, 1 rapid burner & 1 auxiliary burner </li>
</ul>",0,0,2
3,GL 2011 SSTR,"<h4>Features</h4>
<ul>
<li>Spill Tray SS</li>
    <li>Top lid - Toughened glass</li>
    <li>Front - Black Glass</li>
    <li>Italian thermostat for single</li>
    <li>knob operation</li>
    <li>Gas grill, gas oven</li>
    <li>Motorised Rotisserie (optional)</li>
</ul>

<h4>Cooking output</h4>
<ul>
  <li> 1 Triple ring </li>
  <li> 3 Aluminium alloy burners </li>
</ul>

<table style=\'width:100%\'>
<tbody>
<tr>
<td colspan=\'2\'>Variant(s)</td>
    </tr>
    <tr>
        <td class=\'left-align\'>GL 2011 SSTR
</td>
        <td class=\'right-align\'>₹ 27990
</td>
    </tr>
    </tbody>
</table>              ",26990,0,3
5,GL 2012 PLTR,"<h4>Features</h4>
<ul><li>Top lid - Toughened glass</li>
<li>Gas grill, gas oven </li>
<li>Italian
thermostat for single knob oven
operation (GL 2012PLTR) </li>
<li>Gas grill, electric oven
(GL 2023/24PLTR AI)</li>
<li>Oven light, timer with hold
facility (GL 2023/24PLTR AI)</li>
<li>Auto Ignition - top burners
(AI model)</li>
<li> Motorised Rotisserie (optional)</li>
</ul>                

<h4>Cooking output</h4>
<ul>
  <li>Triple-ring burner </li>
  <li> Alloy burners (GL 2012/23PLTR) </li>
  <li> Alloy burners & 1 hot plate
(GL 2024PLTR AI) </li>
</ul>

<table style=\'width:100%\'>
<tbody>
<tr>
<td colspan=\'2\'>Variant(s)</td>
    </tr>
    <tr>
        <td class=\'left-align\'>Cooking Range 2012 PL TR AI

</td>
        <td class=\'right-align\'>₹ 29990

</td>
    </tr>
    </tbody>
</table>           ",28990,0,3
6,GL 3056 DX,"<h4>Features</h4>
<ul>
    <li>Automatic rice cooking</li>
    <li>Automatic keep warm
        function keeps rice fresh for long
    </li>
    <li>Metallic silver
        finish body
    </li>
    <li>Toughened glass lid ,� One touch
        button for easy control
    </li>
    <li>Detachable power
        cordfor convenient storage
    </li>
    <li>Easy-to-clean nonstick
        pot with beehive pattern for better heat
        distribution
    </li>
    <li>Measuring cup and spoon</li>
    <li>Capacity 1.8 litres</li>
    <li>650W</li>
</ul>",3290,0,21
7,GL 3041,"<ul>
    <li>Fry, grill, roast & even bake conveniently using little or no oil</li>
    <li>Large cooking capacity (up to 800g)</li>
    <li>Adjustable time & temperature control for perfect results (60 min timer, 6 temp settings) </li>
    <li>Food separator to fry different dishes at the same time</li>
    <li> Integrated air filter keeps the kitchen fresh</li>
<li>LCD Display</li>
<li>Easy to clean, removable basket</li>
</ul>                ",16990,0,8
8,GL 3034,"<ul>
    <li>Fully automatic kneading and baking operation</li>
    <li> 3.51/700-1000 g bread 12 settings for different kinds of bread</li>
    <li>Choice of 3 crust setting</li>
    <li>Audible tone signals time to add mix-ins such as nuts or fruit</li>
    <li>Keeps bread warm for up to one hour</li>
<li>Memory function up to 10 min in case of power failure</li>
<li>Easy lift lid with a viewing window</li>
<li> 615 W</li>
</ul>",11990,0,9
9,GL 4043 MC,"<ul>
    <li>Small compact size - Capacity 400 ml</li>
    <li>Food grade transparent PC bowl for clear visibility</li>
    <li>Push start</li>
    <li>Wisking disk</li>
    <li>Rust-resistant stainless steel blades</li>
<li>Non-slip ring for stability</li>
<li>250 W</li>
</ul>                                                           ",1590,0,10
10,GL 4043 MC Plus,"  <ul>
    <li>Small compact size - Capacity 400 ml</li>
    <li>Food grade transparent PC bowl for clear visibility</li>
    <li> Push start</li>
    <li>Wisking disk</li>
    <li>Rust-resistant stainless steel blades</li>
<li>Non-slip ring for stability</li>
<li>250 W</li>
<li>Additional bowl prevents flavour mixing especially when working with foods like onion, garlic, eggs etc.</li>
</ul>                                           ",1790,0,10
11,GL 6051 SS,"<p class=\""desc\"">
  A chimney with a single piece, joint-less matt steel body
</p>
<h4>Features</h4>
<ul>
    <li>Digital control with timer</li>
    <li>Baffle filter</li>
    <li>PDCA / FRP housing</li>
    <li>2 energy saving 1.5 W LED lamps</li>
    <li>Italian motor with TOP</li>
</ul>

<h4>Performance</h4>
<ul>
  <li>Airflow 1250 / 1000 m<sup>3</sup>/hr</li>
</ul>

<table style=\'width:100%\'>
    <tbody>
    <tr>
        <td colspan=\'2\'>Variant(s)</td>
    </tr>
    <tr>
        <td class=\'left-align\'>1000 m<sup>3</sup>/hr / 900 mm</td>
        <td class=\'right-align\'>₹ 20990</td>
    </tr>
    <tr>
        <td class=\'left-align\'>1250 m<sup>3</sup>/hr / 600 mm</td>
        <td class=\'right-align\'>₹ 20990</td>
    </tr>
     <tr>
        <td class=\'left-align\'>1250 m<sup>3</sup>/hr / 900 mm</td>
        <td class=\'right-align\'>₹ 23990</td>
    </tr>
    </tbody>
</table>",17990,0,27
12,GL 4044,"<li>300 W</li>
    <li>Single piece design</li>
    <li>No more breaking couplers</li>
    <li>Hygienic Stainless steel</li>
    <li>Low noise design</li>
<li>Less moving Part</li>
<li>SS blade</li>
<li>Hanging hook</li>
<li>Plastic tumbler</li>
</ul>                              ",1590,0,11
13,GL 4045 B,"<ul>
    <li>Super Quick Blender for instant shakes</li>
    <li>Small compact size - Capacity 0.5 ltrs</li>
    <li>Food grade transparent PC bowl for clear visibility</li>
    <li>Push button switch</li>
    <li>Rust-resistant stainless steel blade</li>
    <li> 350 W</li>
</ul>                ",1990,0,11
14,GL 4045 BG,"<ul>
    <li>Small compact size, Capacity 500 ml (Blender), 30 g (Grinder)</li>
    <li>Food grade transparent bowl (Blender) & transparent lid (Grinder) for clear visibility</li>
   <li>Push button switch</li>
    <li>Rust-resistant stainless steel blade</li>
    <li> 350 W</li>
</ul>                 ",2590,0,11
15,GL 4045 G,"<ul>
    <li>Small compact size - Capacity 30 g.</li>
    <li>Transparent lid for clear visibility</li>
    <li>Push button switch</li>
    <li>Rust resistant stainless steel blade</li>
    <li> 350 W</li>
</ul>                                 ",1790,0,11
16,GL 4051,"<ul>
 <li>600 W heavy duty motor with 1 year warrant</li>
    <li>Bowl</li>
   <li>Bowl cover</li>
    <li>2 Jars - Liquidiser, Grinder</li>
    <li>Centrifugal juicer</li>
    </li>Slicing cum shredding disc (reversible)</li>
    </li>SS blade, Plastic blade</li>
</li>Plastic blade</li>
</li>3 speed settings with pulse function</li>
</li>Overload protector mechanism</li>
    <li> 5 years warranty on motor</li>
   <li>Citrus juicer</li>
    <li>Chipping disc</li>
    <li> Whisking dsk</li>
    </li>Chutney Jar</li>
    </li>Coconut shredding disc</li>
</ul>                             ",6990,0,12
17,GL 6052 Touch,"<p class=\""desc\"">
  Sleek minimalist design cast in brush steel
</p>
<h4>Features</h4>
<ul>
    <li>Touch control panel with digital display</li>
    <li>Timer function</li>
    <li>Auto sensor for heat/gas</li>
    <li>Baffle filter</li>
    <li>PDCA / FRP housing</li>
    <li>2 energy saving 1.5 W LED lamps</li>
    <li>Italian motor with TOP</li>
</ul>

<h4>Performance</h4>
<ul>
  <li>Airflow 1250 / 1000 m<sup>3</sup>/hr</li>
</ul>

<table style=\'width:100%\'>
    <tbody>
    <tr>
        <td colspan=\'2\'>Variant(s)</td>
    </tr>
    <tr>
        <td class=\'left-align\'>Push button 1000 m<sup>3</sup>/hr / 600 mm</td>
        <td class=\'right-align\'>₹ 18990</td>
    </tr>
    <tr>
        <td class=\'left-align\'>Push button 1000 m<sup>3</sup>/hr / 900 mm</td>
        <td class=\'right-align\'>₹ 22040</td>
    </tr>
    <tr>
        <td class=\'left-align\'>Touch 1000 m<sup>3</sup>/hr / 900 mm</td>
        <td class=\'right-align\'>₹ 21990</td>
    </tr>
    <tr>
        <td class=\'left-align\'>Touch 1250 m<sup>3</sup>/hr / 600 mm</td>
        <td class=\'right-align\'>₹ 21990</td>
    </tr>
     <tr>
        <td class=\'left-align\'>Touch 1250 m<sup>3</sup>/hr / 900 mm</td>
        <td class=\'right-align\'>₹ 24990</td>
    </tr>
    </tbody>
</table>",18990,0,27
18,GL 6054 SS,"<p class=\""desc\"">
  Sleek minimalist design cast in brush steel
</p>
<h4>Features</h4>
<ul>
    <li>Push button control</li>
    <li>Baffle filter</li>
    <li>PDCA/FRP housing</li>
    <li>2 powerful 40 W lamps</li>
    <li>Italian motor with TOP</li>
</ul>

<h4>Performance</h4>
<ul>
  <li>Airflow 1250 / 1000 m<sup>3</sup>/hr</li>
</ul>

<table style=\'width:100%\'>
    <tbody>
    <tr>
        <td colspan=\'2\'>Variant(s)</td>
    </tr>
    <tr>
        <td class=\'left-align\'>1000 m<sup>3</sup>/hr / 900 mm</td>
        <td class=\'right-align\'>₹ 18990</td>
    </tr>
    <tr>
        <td class=\'left-align\'>1250 m<sup>3</sup>/hr / 600 mm</td>
        <td class=\'right-align\'>₹ 22040</td>
    </tr>
    <tr>
        <td class=\'left-align\'>1250 m<sup>3</sup>/hr / 900 mm</td>
        <td class=\'right-align\'>₹ 21990</td>
    </tr>
    </tbody>
</table>",16790,0,27
19,GL 4052,"<ul>
    <li>700 W motor</li>
    <li>Centralised feeder tube<li>
   <li>2 Jars - Liquidiser jar & Grinder</li>
    <li>Centrifugal juicer</li>
    <li>Slicing, Shredding Discs</li>
    <li>Food grade 304SS blades</li>
    <li>3 Speed settings with pulse function</li>
<li>Overload protector mechanism</li>
<li>Special oil seals to prevent leakage</li>
 <li>Slicing thick, Slicing thin & Coconut Shredding Discs</li>
  <li>Accessories Stand</li>
   <li>Citrus Juicer</li>
</ul>                          ",8990,0,12
20,GL 4052 SX,"<ul>
    <li>700 W motor</li>
    <li>Centralised feeder tube<li>
   <li>2 Jars - Liquidiser jar & Grinder</li>
    <li>Centrifugal juicer</li>
    <li>Slicing, Shredding Discs</li>
    <li>Food grade 304SS blades</li>
    <li>3 Speed settings with pulse function</li>
<li>Overload protector mechanism</li>
<li>Special oil seals to prevent leakage</li>
<li>All features of GL 4052 LX + Chipping & Whisking Discs, Chutney jar</li>
<li>Citrus Juicer</li>
</ul>",8290,0,12
21,GL 6055 SS,"<p class=\""desc\"">
 A practical and stylish hood in matt stainless steel
</p>
<h4>Features</h4>
<ul>
    <li>Push button / Slider control</li>
    <li>Baffle filter</li>
    <li>PDCA / FRP housing</li>
    <li>2 powerful 40 W lamps</li>
    <li>Italian motor with TOP</li>

</ul>

<h4>Performance</h4>
<ul>
  <li>Airflow 1250 / 1000 m<sup>3</sup>/hr</li>
</ul>

<table style=\'width:100%\'>
    <tbody>
    <tr>
        <td colspan=\'2\'>Variant(s)</td>
    </tr>
    <tr>
        <td class=\'left-align\'>1000 m<sup>3</sup>/hr / 900 mm</td>
        <td class=\'right-align\'>₹ 19940</td>
    </tr>
    <tr>
        <td class=\'left-align\'>1250 m<sup>3</sup>/hr / 600 mm</td>
        <td class=\'right-align\'>₹ 20990</td>
    </tr>
     <tr>
        <td class=\'left-align\'>1250 m<sup>3</sup>/hr / 900 mm</td>
        <td class=\'right-align\'>₹ 24140</td>
    </tr>
    </tbody>
</table>",16790,0,27
22,GL 3033,"<ul>
    <li>Excellent heat & impact resistant</li>
    <li>Cook & grill directly on the glass<li>
   <li>Healthy cooking with less oil</li>
    <li>Large Glass area</li>
    <li>Stainless steel housing and handles</li>
    <li>High efficiency heating element</li>
    <li>Easy to clean detachable oil tray</li>
<li>Low heat radiation for convenient indoor use</li>
<li>1200 W</li>
</ul> 
                          ",13990,0,13
23,GL 6057 SS,"<p class=\""desc\"">
  An elegant modern hood in a pyramid shape
</p>
<h4>Features</h4>
<ul>
    <li>Baffle filter</li>
    <li>Push button / Slider control</li>
    <li>PDCA / FRP housing</li>
    <li>2 powerful 40 W lamps</li>
    <li>Italian motor with TOP</li>
</ul>

<h4>Performance</h4>
<ul>
  <li>Airflow   1250 / 1000 m<sup>3</sup>/hr</li>
</ul>

<table style=\'width:100%\'>
    <tbody>
    <tr>
        <td colspan=\'2\'>Variant(s)</td>
    </tr>
    <tr>
        <td class=\'left-align\'>1000 m<sup>3</sup>/hr / 900 mm</td>
        <td class=\'right-align\'>₹ 18990</td>
    </tr>
    <tr>
        <td class=\'left-align\'>1250 m<sup>3</sup>/hr / 600 mm</td>
        <td class=\'right-align\'>₹ 19990</td>
    </tr>
    <tr>
        <td class=\'left-align\'>1250 m<sup>3</sup>/hr / 900 mm</td>
        <td class=\'right-align\'>₹ 22990</td>
    </tr>
    </tbody>
</table>",15990,0,27
24,GL 4046,"<ul>
    <li>Stylish white & grey looks</li>
    <li>5 Speeds and turbo setting</li>
   <li>Safety eject feature</li>
    <li>Beaters & dough hooks</li>
    <li>250W</li>
    </ul>
                        ",2190,0,14
25,GL 6058 SS,"<p class=\""desc\"">
 A pyramid hood with a sleek periphery
</p>
<h4>Features</h4>
<ul>
    <li>Slider control</li>
    <li>Baffle filter</li>
    <li>FRP housing</li>
    <li>2 powerful 40 W lamps</li>
    <li>Italian motor with TOP</li>

</ul>

<h4>Performance</h4>
<ul>
  <li>Airflow 750 m<sup>3</sup>/hr</li>
</ul>

<table style=\'width:100%\'>
    <tbody>
    <tr>
        <td colspan=\'2\'>Variant(s)</td>
    </tr>
    <tr>
        <td class=\'left-align\'>750 m<sup>3</sup>/hr / 900 mm</td>
        <td class=\'right-align\'>₹ 17840</td>
    </tr>
    </tbody>
</table>",14690,0,27
26,GL 3070,"<h4>Features</h4>
<ul>
    <li>Pre-set cooking functions</li>
    <li> Digital Display</li>
    <li> 1-99 minute timer</li>
    <li> Auto cut-off after 60 seconds</li>
    <li> High quality ceramic glass plate</li>
    <li> Temperature setting 1-5 (60 - 240 °C)   </li>
<li>2000 W</li>
</ul>",3990,0,15
27,GL 6059 SS,"<p class=\""desc\"">
 Ultra modern, slim and elegant hood cast in brush steel
</p>
<h4>Features</h4>
<ul>
    <li>Digital control with timer</li>
    <li>Baffle filter</li>
    <li>PDCA housing</li>
    <li>3 energy saving 1.5 W LED lamps</li>
    <li>Italian motor with TOP</li>

</ul>

<h4>Performance</h4>
<ul>
  <li>Airflow 1250 m<sup>3</sup>/hr</li>
</ul>",36900,0,27
28,GL 3074,"<h4>Features</h4>
<ul>
    <li> 4 Digit digital display</li>
    <li> 1-240 minute timer</li>
    <li> 1-99 minute timer</li>
    <li> Auto cut-off after 60 seconds</li>
    <li> High quality ceramic glass plate</li>
    <li> 10 level power setting max 2000 W</li>
    <li> Temperature setting (60 - 280 °C)</li>
</ul>",4490,0,15
31,GL 6062 SS,"<p class=\""desc\"">
 A sleek contemporary hood cast in glass & steel
</p>
<h4>Features</h4>
<ul>
    <li>Baffle filter</li>
    <li>PDCA/FRP housing</li>
    <li>2 powerful 40 W lamp</li>
    <li>Italian motor with TOP</li>
    <li>Push button control</li>

</ul>

<h4>Performance</h4>
<ul>
  <li>Airflow 1250/1000 m<sup>3</sup>/hr</li>
</ul>

<table style=\'width:100%\'>
    <tbody>
    <tr>
        <td colspan=\'2\'>Variant(s)</td>
    </tr>
    <tr>
        <td class=\'left-align\'>1000 m<sup>3</sup>/hr / 900 mm</td>
        <td class=\'right-align\'>₹ 18990</td>
    </tr>
    <tr>
        <td class=\'left-align\'>1250 m<sup>3</sup>/hr / 600 mm</td>
        <td class=\'right-align\'>₹ 19990</td>
    </tr>
    <tr>
        <td class=\'left-align\'>1250 m<sup>3</sup>/hr / 900 mm</td>
        <td class=\'right-align\'>₹ 22990</td>
    </tr>
    </tbody>
</table>",15990,0,27
32,GL 3075,"<h4>Features</h4>
<ul>
    <li> India\'s first with voice over function</li>
    <li> Bigger cooking space</li>
    <li> Touch and slide temperature control (80 - 270 °C)</li>
    <li> Timer 24 hours</li>
    <li> High quality ceramic glass plate</li>
</ul>",5390,0,15
33,GL 6065 SS,"<p class=\""desc\"">
 Unique and futuristic, stunning looks, unmistakable styling
</p>
<h4>Features</h4>
<ul>
    <li>Digital control with timer</li>
    <li>Baffle filter</li>
    <li>Italian motor with TOP</li>
    <li>PDCA housing</li>
    <li>2 energy saving</li>
    <li>1.5 W LED lamps</li>

</ul>

<h4>Performance</h4>
<ul>
  <li>Airflow 1250 m<sup>3</sup>/hr</li>
</ul>

<table style=\'width:100%\'>
    <tbody>
    <tr>
        <td colspan=\'2\'>Variant(s)</td>
    </tr>
    <tr>
        <td class=\'left-align\'>1250 m<sup>3</sup>/hr / 900 mm</td>
        <td class=\'right-align\'>₹ 29990</td>
    </tr>
    </tbody>
</table>",25990,0,27
34,GL 3076,"<h4>Features</h4>
<ul>
    <li> Pre-set cooking functions</li>
    <li> 4 Digit digital Display</li>
    <li> 1-240 minute timer</li>
    <li> Auto cut-off after 60 seconds</li>
    <li> High quality ceramic glass plate</li>
    <li> Temperature setting (60 - 280 °C) </li>
<li>2000 W</li>
</ul>",4190,0,15
35,GL 6066 SS,"<p class=\""desc\"">
 A sleek new artistic chimney with the perfect interplay  of glass and steel
</p>
<h4>Features</h4>
<ul>
    <li>Digital control with timer</li>
    <li>Baffle filter</li>
    <li>PDCA housing</li>
    <li>2 energy saving</li>
    <li>1.5 W LED lamps</li>
    <li>Italian motor with TOP</li>
</ul>

<h4>Performance</h4>
<ul>
  <li>Airflow   1250 m<sup>3</sup>/hr</li>
</ul>",29990,0,27
36,GL 3077,"<h4>Features</h4>
<ul>
    <li> Pre-set cooking function</li>
    <li> Touch control</li>
    <li> 4 Digit digital display</li>
    <li> 24 hours timer</li>
    <li> Auto cut-off after 60 seconds</li>
    <li> High quality ceramic glass plate</li>
    <li> 10 level power setting (60-280°C)</li>
    <li> 2000 W</li>
</ul>",4990,0,15
37,GL 3078,"<h4>Features</h4>
<ul>
    <li> Large LED display</li>
    <li> Touch control</li>
    <li> 4 Digit digital display</li>
    <li> 24 hours timer</li>
    <li> Auto cut-off after 60 second</li>
    <li> High quality ceramic glass plate</li>
    <li> 10 level power setting (60-280°C)</li>
    <li> 2000 W</li>
</ul>",5790,0,15
38,GL 3079,"<h4>Features</h4>
<ul>
    <li>Ultra Slim, the slimmest induction</li>
    <li>Slider touch control</li>
    <li>4 Digit digital display</li>
    <li>24 hours timer</li>
    <li>Auto cut-off after 60 seconds</li>
    <li>High quality ceramic glass plate</li>
    <li>10 level power setting (60-260°C)</li>
    <li>2000 W</li>
</ul>                ",5490,0,15
39,GL 6068 SS,"<p class=\""desc\"">
  Sharp look pyramid hood with a brush steel finish
</p>
<h4>Features</h4>
<ul>
    <li>Slider control</li>
    <li>Baffle filter</li>
    <li>FRP housing</li>
    <li>2 powerful 40 W lamps</li>
    <li>Italian motor with TOP</li>
</ul>

<h4>Performance</h4>
<ul>
  <li>Airflow 750 m3/hr</li>
</ul>

<table style=\'width:100%\'>
    <tbody>
    <tr>
        <td colspan=\'2\'>Variant(s)</td>
    </tr>
    <tr>
        <td class=\'left-align\'>750 m<sup>3</sup>/hr / 900 mm</td>
        <td class=\'right-align\'>₹ 17840</td>
    </tr>
    </tbody>
</table>",14690,0,27
40,GL 8021,"<h4>Features</h4>
<ul>
    <li>Light weight Steam iron</li>
    <li>Soft aerodynamic design with perfect glideability</li>
    <li>Better grip while ironing</li>
    <li>Online water filling</li>
    <li>Higher steam output</li>
    <li>Water spray</li>
    <li>Self-cleaning for removal of scale particles</li>
    <li>1200W</li>

</ul>",1090,0,16
41,GL 8025,"<h4>Features</h4>
<ul>
    <li>Soft ergonomic design</li>
    <li>Water spray function</li>
    <li>Online water filling</li>
    <li>Water tank capacity 180ml</li>
    <li>Variable steam output (20g/min)</li>
    <li>Shot of steam (30g/min)</li>
    <li>Vertical ironing</li>
    <li>Self-cleaning function</li>
    <li>360° Swivel cord</li>
    <li>1600W</li>
</ul>",1390,0,16
42,GL 8026,"<h4>Features</h4>
<ul>
    <li>Soft ergonomic design</li>
    <li>Water spray function</li>
    <li>Online water filling</li>
    <li>Water tank capacity 300ml</li>
    <li>Variable steam output (25g/min)</li>
    <li>Shot of steam (35g/min)</li>
    <li>Vertical ironing</li>
    <li>Self-cleaning function</li>
    <li>360° Swivel cord</li>
    <li>2000W</li>
</ul>
",1690,0,16
43,GL 8027,"<h4>Features</h4>
<ul>
    <li>Light weight Steam Iron</li>
    <li>Soft aerodynamic design with perfect glideability</li>
    <li>Better grip while ironing</li>
    <li>Higher steam output</li>
    <li>Online water filling</li>
    <li>Water spray</li>
    <li>Burst of steam</li>
    <li>Vertical ironing</li>
    <li>Self-cleaning for removal of scale particles</li>
    <li>Anti-drip system to prevent water leakage</li>
    <li>Built-in anti calc system</li>
    <li>2000W</li>
</ul>
",3490,0,16
44,GL 4015,"<ul>
<li>500 W heavy duty motor</li>
<li>Concave design for convenient glass placement </li>
<li>Better juicing </li>
<li>Large online pulp collector </li>
<li>3 Jars - Liquidiser, Grinder and Chutney jar </li>
<li>Overload protector mechanism </li>
<li>3 speed settings with pulse function </li>
<li>New shape of food pusher for better functioning</li>
</ul>",4490,0,17
45,GL 4015 JU,"<h4>Features</h4>
<ul>
    <li>500 W heavy duty motor with 5 year warranty</li>
    <li>Concave design for convenient glass placement</li>
    <li>Better juicing</li>
    <li>Large online pulp collector</li>
    <li>Overload protector mechanism</li>
    <li>3 speed settings with pulse function</li>
    <li>New shape of food pusher for better functioning</li>
</ul>
                ",2990,0,17
46,GL 6067 SS,"<p class=\""desc\"">
 Compact and sleek hood with a soft pyramid shape
</p>
<h4>Features</h4>
<ul>
    <li>Digital control with timer</li>
    <li>Baffle filter</li>
    <li>PDCA housing</li>
    <li>2 energy saving 1.5W</li>
    <li>LED lamps</li>
    <li>Italian motor with TOP</li>

</ul>

<h4>Performance</h4>
<ul>
  <li>Airflow 1250 m<sup>3</sup>/hr</li>
</ul>

<table style=\'width:100%\'>
    <tbody>
    <tr>
        <td colspan=\'2\'>Variant(s)</td>
    </tr>
    <tr>
        <td class=\'left-align\'>1250 m<sup>3</sup>/hr / 900 mm</td>
        <td class=\'right-align\'>₹ 27990</td>
    </tr>
    </tbody>
</table>   ",24990,0,27
47,GL 9002 LX,"<h4>Features</h4>
<ul>
    <li>Cordless with 360 rotational base</li>
    <li>Capacity 1.0 Litre</li>
    <li>Concealed SS heating element</li>
    <li>Push button operated lid</li>
    <li>Removable, washable filter</li>
    <li>Water level gauge</li>
    <li>Auto Off on boiling</li>
    <li>Boil dry protection</li>
    <li>Cord storage</li>
    <li>2200 W</li>
</ul>
",1490,0,18
48,GL 9007,"<h4>Features</h4>
<ul>
    <li>Cordless with 360 rotational base</li>
    <li>Capacity 1.2 Litre</li>
   <li> Stainless steel body</li>
   <li>Concealed SS heating element</li>
   <li>Push button operated lid</li>
   <li>Removable,washable filter</li>
   <li>Water level gauge</li>
   <li>Auto Off on boiling</li>
   <li>Boil dry protection</li>
   <li>On/Off switch with blue LED indicator</li>
   <li>2000 W</li>
</ul>",1790,0,18
49,GL 9008,"<h4>Features</h4>
<ul>
    <li>Cordless with 360 rotational base</li>
    <li>Capacity 1.0 Litre</li>
    <li>Compact design</li>
    <li>Easy to clean</li>
    <li>Stable In Resting</li>
    <li>Stainless steel body</li>
    <li>Water level gauge for easy monitoring</li>
    <li>Lockable hinged lid</li>
    <li>2000 W</li>
</ul>",2490,0,18
50,GL 9009,"<h4>Features</h4>
<ul>
    <li>Cordless with 360 rotational base</li>
    <li>Capacity 0.5 Litre</li>
    <li>Compact design</li>
    <li>Easy to clean</li>
    <li>Stable In Resting</li>
    <li>2 Travel Cups & Spoons</li>
    <li>Removable,washable filter for collection of lime scale particles</li>
    <li>Water level gauge for easy monitoring</li>
    <li>Stable in resting</li>
    <li>Dual voltage 110/240 V</li>
    <li>650 W</li>
</ul>",1590,0,18
51,GL 9010,"<h4>Features</h4>
<ul>
    <li>Cordless with 360 rotational base</li>
    <li>Capacity 1.7 Litre</li>
    <li>Toughened glass jar</li>
    <li>SS Tea filter assembly</li>
    <li>Stay cool handle</li>
    <li>Stainless steel body</li>
    <li>Concealed SS heating element</li>
    <li>Push button operated lid</li>
    <li>Removable, washable filter</li>
    <li>Water level gauge</li>
    <li>Auto Off on boiling</li>
    <li>Boil dry protection</li>
    <li>On/Off switch with blue LED indicator</li>
    <li>2000 W</li>
</ul>",4590,0,18
52,GL 6074 Glass,"<p class=\""desc\"">
The ultimate blend of excellence in design, both externally and internally. Latest technological inputs create a superior extractor made with top quality materials that promise trouble-free usage. The elegant looks match the performance.
</p>
<h4>Features</h4>
<ul>
    <li>Touch control with aluminium filter</li>
    <li>1 energy saving 3W LED lamp</li>
    <li>Remote control</li>
</ul>

<h4>Performance</h4>
<ul>
  <li>Airflow   1000 m<sup>3</sup>/hr</li>
</ul>",53990,0,27
53,GL 6075 SS,"<p class=\\\""desc\\\"">
A bold classic hood cast in matt steel
</p>
<h4>Features</h4>
<ul>
    <li>Baffle filter</li>
    <li>FRP housing</li>
    <li>2 powerful 40W lamps</li>
    <li>Italian motor with TOP</li>
    <li>Push button control</li>
</ul>

<h4>Performance</h4>
<ul>
  <li>Airflow   750 m<sup>3</sup>/hr</li>
</ul>                ",12990,0,27
54,GL 6076 SS,"<p class=\""desc\"">
  Ultra modern slim and elegant design
</p>
<h4>Features</h4>
<ul>
    <li>Touch control with timer</li>
    <li>Cassette filter</li>
    <li>FRP housing</li>
    <li>2 energy saving 2 W LED lamps</li>
</ul>

<h4>Performance</h4>
<ul>
  <li>Airflow  1000 m<sup>3</sup>/hr</li>
</ul>

<table style=\'width:100%\'>
    <tbody>
    <tr>
        <td colspan=\'2\'>Variant(s)</td>
    </tr>
    <tr>
        <td class=\'left-align\'>1000 m<sup>3</sup>/hr / 900 mm</td>
        <td class=\'right-align\'>₹ 37990</td>
    </tr>
    </tbody>
</table>",34990,0,27
55,GL 4021,"<h4>Features</h4>
<ul>
    <li>2 years warranty on motor</li>
    <li>550 W heavy duty motor with 2 years warranty</li>
    <li>3 Jars - Liquidiser, Grinder and Chutney</li>
    <li>Overload protector mechanism</li>
    <li>3 speed settings with pulse function</li>
</ul>",2990,0,19
56,GL 1000 IS,"<p class=\""desc\"">
A modern, creative hood with streamline looks
</p>
<h4>Features</h4>
<ul>
    <li>Electronic control with timer</li>
    <li>Baffle filter</li>
    <li>PDCA housing</li>
    <li>4 energy saving 1.5W LED lamps</li>
    <li>Italian motor with TOP</li>
</ul>

<h4>Performance</h4>
<ul>
  <li>Airflow  1250 m<sup>3</sup>/hr</li>
</ul>",49990,0,29
57,GL 4022,"<h4>Features</h4>
<ul>
    <li>5 years warranty on motor</li>
    <li>Sleek & soft looks</li>
    <li>Strong & sturdy 750W motor</li>
    <li>3 sturdy SS jars</li>
    <li>Special oil seals to prevent leakage</li>
    <li>Food grade 304SS blades</li>
    <li>Unbreakable polycarbonate lids</li>
    <li>Overload protector</li>
    <li>3 speed settings with pulse</li>
    <li>Low noise level</li>
</ul>",4590,0,19
58,GL 1022 IS,"<p class=\""desc\"">
An elegant fusion of glass & stainless steel
</p>
<h4>Features</h4>
<ul>
    <li>Digital control with timer</li>
    <li>Baffle filter</li>
    <li>PDCA housing</li>
    <li>4 energy saving 1.5W LED lamps</li>
    <li>Italian motor with TOP</li>
</ul>

<h4>Performance</h4>
<ul>
  <li>Airflow  1250 m<sup>3</sup>/hr</li>
</ul>",42990,0,29
59,GL 4022 Plus,"<h4>Features</h4>
<ul>
    <li>5 years warranty on motor</li>
    <li>Strong & sturdy 750W motor</li>
    <li>4 Jars - Liquidiser, Dry, Wet grinder and Chutney</li>
    <li>Special oil seals to prevent leakage</li>
    <li>Food grade 304SS blades</li>
    <li>Unbreakable polycarbonate lids</li>
    <li>Overload protector</li>
    <li>3 speed settings with pulse</li>
    <li>Low noise level</li>
    <li>Fruit filter free with Liquidiser jar</li>
</ul>",5290,0,19
60,GL 1036 IS,"<p class=\""desc\"">
A sleek and stylish new hood with an interplay of glass and matt steel
</p>
<h4>Features</h4>
<ul>
    <li>Digital control with timer</li>
    <li>Baffle filter</li>
    <li>PDCA housing</li>
    <li>4 energy saving 1.5W LED lamps</li>
    <li>Italian motor with TOP</li>
</ul>

<h4>Performance</h4>
<ul>
  <li>Airflow  1250 m<sup>3</sup>/hr</li>
</ul>",49990,0,29
61,GL 4025,"<h4>Features</h4>
<ul>
    <li>2 years warranty on motor</li>
    <li>550 W heavy duty motor</li>
    <li>3 Jars - Liquidiser, Dry Grinder and Chutney</li>
    <li>Overload protector mechanism</li>
    <li>3 speed settings with pulse function</li>
</ul>
",3490,0,19
62,GL 6052 IS,"<p class=\""desc\"">
A sleek and elegant new hood, cast in matt steel
</p>
<h4>Features</h4>
<ul>
    <li>Push button control</li>
    <li>Baffle filter</li>
    <li>PDCA housing</li>
    <li>4 energy saving 1.5W</li>
    <li>LED lamps</li>
    <li>Italian motor with TOP</li>
</ul>

<h4>Performance</h4>
<ul>
  <li>Airflow  1250 m<sup>3</sup>/hr</li>
</ul>",38990,0,29
63,GL 4026,"<h4>Features</h4>
<ul>
    <li>5 years warranty on motor</li>
    <li>600 W heavy duty motor</li>
    <li>3 Jars - fruit filter free with Liquidiser jar, Grinder jar, Chutney jar</li>
    <li>Overload protector mechanism</li>
    <li>3 speed settings with pulse function</li>
</ul>",4190,0,19
64,GL 6001 SSPBBF,"<p class=\""desc\"">
  A classic hood cast in matt steel
</p>
<h4>Features</h4>
<ul>
    <li>Soft touch push button  control</li>
    <li>Bi-Rotational technology</li>
    <li>Stainless steel baffle filter</li>
    <li>2 powerful 40 W lamps</li>
    <li>Italian motor with TOP</li>
</ul>

<h4>Performance</h4>
<ul>
  <li>Airflow  700 m<sup>3</sup>/hr</li>
</ul>

<table style=\'width:100%\'>
    <tbody>
    <tr>
        <td colspan=\'2\'>Variant(s)</td>
    </tr>
    <tr>
        <td class=\'left-align\'>700 m<sup>3</sup>/hr / 700 mm</td>
        <td class=\'right-align\'>₹ 13640</td>
    </tr>
    <tr>
        <td class=\'left-align\'>750 m<sup>3</sup>/hr / 600 mm</td>
        <td class=\'right-align\'>₹ 9990</td>
    </tr>
    </tbody>
</table>",12590,0,30
65,GL 4026 Plus,"<h4>Features</h4>
<ul>
    <li>5 years warranty on motor</li>
    <li>600 W heavy duty motor</li>
    <li>4 Jars - Liquidiser, Dry Grinder and Chutney, fruit filter with jar</li>
    <li>Overload protector mechanism</li>
    <li>3 speed settings with pulse function</li>
</ul>",4690,0,19
66,GL 6002 SSSLBF,"<p class=\""desc\"">
  Smart and elegant  brush steel chimney
</p>
<h4>Features</h4>
<ul>
    <li>Single motor low wattage,  high suction</li>
    <li>Slider control</li>
    <li>Stainless steel</li>
    <li>baffle filter</li>
    <li>FRP housing</li>
    <li>2 powerful 40 W lamps</li>
    <li>Italian motor with TOP</li>
    <li>Also available with push button controls</li>
</ul>

<h4>Performance</h4>
<ul>
  <li>Airflow  750 / 1000 m<sup>3</sup>/hr</li>
</ul>

<table style=\'width:100%\'>
    <tbody>
    <tr>
        <td colspan=\'2\'>Variant(s)</td>
    </tr>
    <tr>
        <td class=\'left-align\'>1000 m<sup>3</sup>/hr / 600 mm</td>
        <td class=\'right-align\'>₹ 11990</td>
    </tr>
    </tbody>
</table>",10490,0,30
67,GL 5009," <h4>Features</h4>
<ul>
   <li>Toasting/Roasting functions</li>
   <li>15 minutes timer</li>
   <li>Soft streamline looks</li>
   <li>Stainless steel housing & body</li>
   <li>Ergonomic control knobs</li>
   <li>Baking tray</li>
   <li>Capacity 9 litres</li>
   <li>Quartz heating element 2 nos.</li>
   <li>4 stage switch heating selector</li>
   <li>9 litres</li>
   <li>800 W</li>
</ul>
",2990,0,20
68,GL 6013 SSPB DX,"<p class=\""desc\"">
  Conventional sturdy stainless steel chimney
</p>
<h4>Features</h4>
<ul>
    <li>Bi-Rotational technology</li>
    <li>Stainless steel baffle filter </li>
    <li>Slider control</li>
    <li>2 powerful 40 W lamps</li>
    <li>Italian motor with TOP</li>
</ul>

<h4>Performance</h4>
<ul>
  <li>Airflow  700 m<sup>3</sup>/hr</li>
</ul>

<table style=\'width:100%\'>
    <tbody>
    <tr>
        <td colspan=\'2\'>Variant(s)</td>
    </tr>
    <tr>
        <td class=\'left-align\'>700 m<sup>3</sup>/hr / 900 mm</td>
        <td class=\'right-align\'>₹ 11990</td>
    </tr>
    </tbody>
</table>",11990,0,30
69,GL 6014 SSPBBF,"<p class=\""desc\"">
  New modern design with soft aerodynamic looks
</p>
<h4>Features</h4>
<ul>
    <li>Bi-Rotational technology</li>
    <li>Stainless steel baffle filter </li>
    <li>2 powerful 40 W lamps</li>
    <li>Italian motor with TOP</li>
    <li>Push button control</li>
</ul>

<h4>Performance</h4>
<ul>
  <li>Airflow  700 m<sup>3</sup>/hr</li>
</ul>

<table style=\'width:100%\'>
    <tbody>
    <tr>
        <td colspan=\'2\'>Variant(s)</td>
    </tr>
    <tr>
        <td class=\'left-align\'>700 m<sup>3</sup>/hr / 900 mm</td>
        <td class=\'right-align\'>₹ 13990</td>
    </tr>
    </tbody>
</table>",10990,0,30
70,GL 5020,"<h4>Features</h4>
<ul>
    <li>Grilling/Toasting/Roasting functions</li>
    <li>Metallic black finish</li>
    <li>Enamelled Baking tray and wire rack</li>
    <li>Motorised rotisserie/forks</li>
    <li>Thermostat for temperature control (100°C to 250°C)</li>
    <li>60 minutes timer</li>
    <li>Slide out crumbs tray</li>
    <li>Capacity 20 litres</li>
    <li>1200 W</li>
</ul>",4990,0,20
71,GL 5030,"<h4>Features</h4>
<ul>
    <li>Multifunction oven - 9 Functions Baking /Grilling / Toasting / Roasting / Rotisserie Grilling /Convection Cooking / Convection & Rotisserie /Thawing / Keep food warm function</li>
    <li>Metallic silver finish</li>
    <li>Back convection oven</li>
    <li>Motorised rotisserie</li>
    <li>Thermostat for temperature control (100 to 250 C)</li>
    <li>Enamelled Baking tray and wire rack</li>
    <li>60 minute timer with hold facility</li>
    <li>Light in Oven</li>
    <li>Slide out crumbs tray</li>
    <li>Capacity 30 litres</li>
    <li>1500 W</li>
</ul>",7990,0,20
72,GL 1022  GT,"<h4>Features</h4>
<ul>
    <li>8 mm thick toughened glass</li>
    <li>Rich matt steel body</li>
    <li>4 mm thick extra strong pan supports</li>
    <li>Multi spark auto ignition (AI models)</li>
</ul>

<h4>Cooking output</h4>
<ul>
  <li>Spacious, two burner</li>
  <li>Aluminium alloy burners for longer life</li>
</ul>

<table style=\\\'width:100%\\\'>
    <tbody>
    <tr>
        <td colspan=\\\'2\\\'>Variant(s)</td>
    </tr>
    <tr>
        <td class=\\\'left-align\\\'>Cook Top 1022 GT AI</td>
        <td class=\\\'right-align\\\'>₹ 18990</td>
    </tr>
    
    </tbody>
</table>                ",6290,0,32
73,GL 5048,"<h4>Features</h4>
<ul>
    <li>Multi function oven - 9 Functions Baking / Grilling / Toasting / Roasting /Rotisserie Grilling / Convection
        Cooking / Convection & Rotisserie / Thawing /Keep food warm function
    </li>
    <li>Metallic silver finish</li>
    <li>Motorised rotisserie</li>
    <li>Back convection oven</li>
    <li>Thermostat for temperature control (100 to 250 C)</li>
    <li>Enamelled baking tray & wire rack</li>
    <li>60 minute timer with hold facility</li>
    <li>Light in Oven</li>
    <li>Slide out crumbs tray</li>
    <li>Capacity 48 litres</li>
    <li>2000 W</li>
</ul>",9990,0,20
74,GL 1032 GT,"
<h4>Features</h4>
<ul>
    <li>8 mm thick toughened glass</li>
    <li>Rich matt steel body</li>
    <li>4 mm thick extra strong pan supports</li>
    <li>Multi spark auto ignition (AI models)</li>
    
</ul>

<h4>Cooking output</h4>
<ul>
  <li>Three burner</li>
  <li>Aluminium alloy burners for longer life</li>
</ul>

<table style=\'width:100%\'>
    <tbody>
    <tr>
        <td colspan=\'2\'>Variant(s)</td>
    </tr>
    <tr>
        <td class=\'left-align\'>COOK TOP 1032 GT AI</td>
        <td class=\'right-align\'>₹ 9440</td>
    </tr>
    
    </tbody>
</table>",8390,0,32
75,GL 5060,"<h4>Features</h4>
<ul>
    <li>Multi function oven - 9 Functions Baking/Grilling/Toasting/Roasting/Rotisserie Grilling</li>
    <li>Multi Function</li>
    <li>60 minutes timer</li>
    <li>Self clean coating interiors</li>
    <li>Stainless steel housing</li>
    <li>Turbo convection oven</li>
    <li>Motorised rotisserie</li>
    <li>Ergonomic control knobs</li>
    <li>Light in oven</li>
    <li>Crumbs tray</li>
    <li>Capacity 60 litres</li>
    <li>2500 W</li>
</ul>",14990,0,20
76,GL 1032 Mirror GT,"<h4>Features</h4>
<ul>
    <li>8 mm thick toughened glass with
mirror graphic</li>
    <li>Rich matt steel body</li>
    <li>4 mm thick extra strong pan supports</li>
    <li>Multi spark auto ignition (AI models)</li>
    
</ul>

<h4>Cooking output</h4>
<ul>
  <li>Three burner</li>
  <li>Aluminium alloy burners for longer life</li>
</ul>

<table style=\'width:100%\'>
    <tbody>
    <tr>
        <td colspan=\'2\'>Variant(s)</td>
    </tr>
    <tr>
        <td class=\'left-align\'>Cook Top 1032 Mirror AI</td>
        <td class=\'right-align\'>₹ 9990</td>
    </tr>
    
    </tbody>
</table>",8990,0,32
77,GL 1032 Marble GT,"<h4>Features</h4>
<ul>
    <li>8 mm thick toughened glass with
Marble finish</li>
    <li>Rich matt steel body</li>
    <li>4 mm thick extra strong pan supports</li>
    <li>Multi spark auto ignition (AI models)</li>
    
</ul>

<h4>Cooking output</h4>
<ul>
  <li>Three burner</li>
  <li>Aluminium alloy burners for longer life</li>
</ul>

<table style=\'width:100%\'>
    <tbody>
    <tr>
        <td colspan=\'2\'>Variant(s)</td>
    </tr>
    <tr>
        <td class=\'left-align\'>Cook Top 1032 Marble AI</td>
        <td class=\'right-align\'>₹ 9990</td>
    </tr>
    
    </tbody>
</table>",8990,0,32
78,GL 3055 DX,NULL,3290,0,21
79,GL 1033 GT,"<h4>Features</h4>
<ul>
    <li>Toughened glass top</li>
    <li>Rich matt steel body</li>
    <li>Sturdy pan supports</li>
    <li>Multi spark auto ignition (AI models)</li>
    <li>Matt steel drip tray</li>
    
</ul>

<h4>Cooking output</h4>
<ul>
  <li>Three burner</li>
  <li>Aluminium alloy burners for longer life</li>
</ul>

<table style=\\\'width:100%\\\'>
    <tbody>
    <tr>
        <td colspan=\\\'2\\\'>Variant(s)</td>
    </tr>
    <tr>
        <td class=\\\'left-align\\\'>Cook Top 1033 GT AI</td>
        <td class=\\\'right-align\\\'>₹ 7990</td>
    </tr>
    
    </tbody>
</table>                ",6990,0,32
80,GL 3056,"<h4>Features</h4>
<ul>
    <li>Automatic rice cooking</li>
    <li>Automatic keep warm function keeps rice fresh for long</li>
    <li>One touch
        button for easy control
    </li>
    <li>Detachable power
        cordfor convenient storage
    </li>
    <li> Aluminum Inner
        steamer
    </li>
    <li>Cooking pan,measuring cup, spoon &
        cooking plate
    </li>
    <li>Capacity 1.8 litres</li>
    <li>650W</li>
</ul>",2490,0,21
81,GL 3057,"<h4>Features</h4>
<ul>
    <li>Automatic rice cooking</li>
    <li>Automatic keep warm
        function keeps rice fresh for long
    </li>
    <li>One touch
        button for easy control
    </li>
    <li>Simple lid design for easy
        and safe access
    </li>
    <li>Detachable power cord for
        convenient storage
    </li>
    <li>Aluminum cooking pan and
        inner steamer
    </li>
    <li>Measuring cup, spoon & cooking
        plate
    </li>
    <li>Capacity 2.8 litres</li>
    <li>950W</li>
</ul>",3190,0,21
82,GL 3058 DX,NULL,2390,0,21
83,GL 1036 GT,"<h4>Features</h4>
<ul>
    <li>8 mm thick toughened glass</li>
    <li>Rich matt steel body</li>
    <li>4 mm thick pan supports</li>
    <li>Matt steel drip tray</li>
    <li>Multi spark auto ignition
(AI models)</li>
    
</ul>

<h4>Cooking output</h4>
<ul>
  <li>Three burner</li>
  <li>Aluminium alloy burners for longer life</li>
</ul>

<table style=\'width:100%\'>
    <tbody>
    <tr>
        <td colspan=\'2\'>Variant(s)</td>
    </tr>
    <tr>
        <td class=\'left-align\'>Cook Top 1036 GT AI</td>
        <td class=\'right-align\'>₹ 9990</td>
    </tr>
    
    </tbody>
</table>",8990,0,32
84,GL 3059,"<h4>Features</h4>
<ul>
    <li>Automatic rice cooking</li>
    <li>Automatic keep warm
        function keeps rice fresh for long
    </li>
    <li>Metallic silver finish body</li>
    <li>Toughened glass
        lid
    </li>
    <li>One touch button for easy control</li>
    <li>Detachable power cord for convenient
        storage
    </li>
    <li>Easy-to-clean non-stick pot</li>
    <li>Measuring cup, spoon & cooking plate</li>
    <li>Capacity 1.0 litres</li>
    <li>450W</li>
</ul>",2190,0,21
85,GL 3060,"<h4>Features</h4>
<ul>
    <li>Automatic rice cooking</li>
    <li>Automatic keep warm
        function keeps rice fresh for long
    </li>
    <li>One touch button for easy control</li>
    <li>Simple lid design for easy
        and safe access
    </li>
    <li>1 mm thick aluminum cooking
        pot
    </li>
    <li>Measuring cup and spoon</li>
    <li>Large 4.2 litres
        capacity
    </li>
    <li>1600W</li>
</ul>
",5590,0,21
86,GL 3025 GRILL,"<h4>Features</h4>
<ul>
    <li>Teflon coated non-stick plates</li>
    <li>Thermostat control for
        even cooking
    </li>
    <li>Cool touch handle</li>
    <li>Vertical stacking</li>
    <li>700 W</li>
    <li>Special pressing lock system
        Available with sandwich or grill plate
    </li>
</ul>",1390,0,22
87,GL 3026 GRILL,"<h4>Features</h4>
<ul>
    <li>Teflon coated non-stick plates</li>
    <li>Thermostat control for
        even cooking
    </li>
    <li>Cool touch handle</li>
    <li>Vertical stacking</li>
    <li>Sandwich plate</li>
    <li>700 W</li>
    <li>Special pressing lock system
        Available with sandwich or grill plate
    </li>
</ul>",1790,0,22
88,GL 3027 DX,"<h4>Features</h4>
<ul>
    <li>Sandwich maker, Grill, Waffle maker (only in DX model)</li>
    <li>Easily removable plates</li>
    <li>Thermostat control for even
        cooking
    </li>
    <li>Non-stick coating on plates</li>
    <li>Cool touch handle,
        light indicators
    </li>
    <li>Vertical stacking</li>
    <li>700 W</li>
    <li>Special
        pressing lock system
    </li>
</ul>",2990,0,22
89,GL 3051,"<h4>Features</h4>
<ul>
    <li>Healthy, oil free steam cooking</li>
    <li>Three steam
        compartments and a rice bowl
    </li>
    <li>Special slots for
        holding eggs
    </li>
    <li>Ultra compact storage</li>
    <li>Online
        water filling
    </li>
    <li>60 minute timer with alarm</li>
    <li>825W</li>
</ul>",4290,0,23
90,GL 5014,"<h4>Features</h4>
<ul>
    <li>Modern elegant looks</li>
    <li>Healthy cooking like
        traditional clay tandoor
    </li>
    <li>See through window</li>
    <li>High
        performance elements
    </li>
    <li>1100 W</li>
</ul>",4990,0,25
91,GL 1042 GT,"
<h4>Features</h4>
<ul>
    <li>8 mm thick toughened glass</li>
    <li>Rich matt steel body</li>
    <li>4 mm thick extra strong pan supports</li>
  
    <li>Multi spark auto ignition
(AI models)</li>
    
</ul>

<h4>Cooking output</h4>
<ul>
  <li>Four burner</li>
  <li>Aluminium alloy burners for longer life</li>
</ul>

<table style=\'width:100%\'>
    <tbody>
    <tr>
        <td colspan=\'2\'>Variant(s)</td>
    </tr>
    <tr>
        <td class=\'left-align\'>COOK TOP 1042 GT AI
</td>
        <td class=\'right-align\'>₹10490
</td>
    </tr>
    
    </tbody>
</table>",9490,0,32
92,GL 3015,"<h4>Features</h4>
<ul>
    <li>2 slice toaster</li>
    <li>Cool touch body</li>
    <li>Seven levels
        of browning control </li>
    <li>Auto pop-up with high lift
        feature</li>
    <li>Cancel function</li>
    <li>Full length crumbs
        tray</li>
    <li>Cord storage</li>
    <li>800 W</li>
</ul>",1690,0,24
93,GL 1046 GT,"<h4>Features</h4>
<ul>
    <li>8 mm thick toughened glass</li>
    <li>4 mm thick pan supports</li>
    <li>Matt steel drip tray</li>
    <li>Multi spark auto ignition
(AI models)</li>
    <li>Matt steel body</li>
    
</ul>

<h4>Cooking output</h4>
<ul>
  <li>Four burner</li>
  <li>Aluminium alloy burners for longer life</li>
</ul>

<table style=\\\\\\\\\\\\\\\'width:100%\\\\\\\\\\\\\\\'>
    <tbody>
    <tr>
        <td colspan=\\\\\\\\\\\\\\\'2\\\\\\\\\\\\\\\'>Variant(s)</td>
    </tr>
    <tr>
        <td class=\\\\\\\\\\\\\\\'left-align\\\\\\\\\\\\\\\'>Cook Top 1046 GT AI
</td>
        <td class=\\\\\\\\\\\\\\\'right-align\\\\\\\\\\\\\\\'>₹10990
</td>
    </tr>
    
    </tbody>
</table>                                                ",9990,0,32
94,GL 3018,"<h4>Features</h4>
<ul>
    <li>2 slice toaster</li>
    <li>Stainless steel body</li>
    <li>Five levels of
        browning control
    </li>
    <li>Auto pop-up with high lift feature</li>
    <li>Bun Warmer</li>
    <li>Cancel function</li>
    <li>Full length crumbs tray</li>
    <li>Cord storage</li>
    <li>825 W</li>
</ul>
",2790,0,24
95,GL 1048 GT,"
<h4>Features</h4>
<ul>
    <li>8 mm thick toughened glass</li>
    <li>Rich matt steel body</li>
    <li>4 mm thick extra strong pan supports</li>
    <li>Maximum vessel space, most
convenient burner access</li>
    <li>Multi spark auto ignition
(AI models)</li>
   
    
</ul>

<h4>Cooking output</h4>
<ul>
  <li>Four burner</li>
  <li>Aluminium alloy burners for longer life</li>
</ul>

<table style=\'width:100%\'>
    <tbody>
    <tr>
        <td colspan=\'2\'>Variant(s)</td>
    </tr>
    <tr>
        <td class=\'left-align\'>COOK TOP 1048 GT AI
</td>
        <td class=\'right-align\'>₹11290
</td>
    </tr>
    
    </tbody>
</table>",10290,0,32
96,GL 3019,"<h4>Features</h4>
<ul>
    <li>2 slice toaster</li>
    <li>Stylish looks with a gloss white finish</li>
    <li>Suitable for all bread thicknesses</li>
    <li>6 levels of browning
        control
    </li>
    <li>Cancel function stops toasting cycle</li>
    <li>Reheat
        Function for warming toasts
    </li>
    <li>Frozen Function for breads
        directly from the freezer
    </li>
    <li>750 W</li>
</ul>",1890,0,24
97,GL 1049 GT,"
<h4>Features</h4>
<ul>
    <li>Easy to clean, 8 mm thick toughened glass</li>
    <li>Rich matt steel body</li>
    <li>Cast iron pan supports</li>
    <li>Maximum vessel space, most
convenient burner access</li>
    <li>Multi spark auto ignition
(AI models)</li>
   
    
</ul>

<h4>Cooking output</h4>
<ul>
  <li>Four burner</li>
  <li>Aluminium alloy burners for longer life</li>
</ul>

<table style=\'width:100%\'>
    <tbody>
    <tr>
        <td colspan=\'2\'>Variant(s)</td>
    </tr>
    <tr>
        <td class=\'left-align\'>Cook Top 1049 GT AI
</td>
        <td class=\'right-align\'>₹11990
</td>
    </tr>
    
    </tbody>
</table>",10990,0,32
98,GL 1025 PLHFAI,"<h4>Features</h4>
<ul>
    <li>Rich matt finish steel</li>
    <li>Maximum cooking space</li>
    <li>4 mm thick extra strong pan
supports</li>
    <li>Multi spark auto ignition</li>
    
   </ul>

<h4>Cooking output</h4>
<ul>
  <li>The most beautiful two burner</li>
  <li>Aluminium alloy burners for longer life</li>
</ul>

<table style=\'width:100%\'>
    <tbody>
    <tr>
        <td colspan=\'2\'>Variant(s)</td>
    </tr>
    <tr>
        <td class=\'left-align\'>COOK TOP 1025 PL HF
</td>
        <td class=\'right-align\'>₹4190
</td>
    </tr>
    
    </tbody>
</table>",5240,0,34
99,GL 1035 PLHF,"<h4>Features</h4>
<ul>
    <li>Rich matt finish steel</li>
    <li>Maximum cooking space</li>
    <li>4 mm thick extra strong pan
supports</li>
    <li>Multi spark auto ignition option
(AI modle)</li>
    
   </ul>

<h4>Cooking output</h4>
<ul>
  <li>Spacious design, three burner</li>
  <li>Aluminium alloy burners for longer life</li>
</ul>

<table style=\'width:100%\'>
    <tbody>
    <tr>
        <td colspan=\'2\'>Variant(s)</td>
    </tr>
    <tr>
        <td class=\'left-align\'>Cooktop 1035 PL HF AI
</td>
        <td class=\'right-align\'>₹ 7890

</td>
    </tr>
    
    </tbody>
</table>",6890,0,34
100,GL 4051 LX,"<ul>
    <li>600 W heavy duty motor with 1 year warrant</li>
    <li>Bowl</li>
   <li>Bowl cover</li>
    <li>2 Jars - Liquidiser, Grinder</li>
    <li>Centrifugal juicer</li>
    </li>Slicing cum shredding disc (reversible)</li>
    </li>SS blade, Plastic blade</li>
</li>Plastic blade</li>
</li>3 speed settings with pulse function</li>
</li>Overload protector mechanism</li>
</ul>                 ",5990,0,12
101,GL 1044 PLTR,"
<h4>Features</h4>
<ul>
    <li>4 mm thick sturdy pan supports</li>
    <li>Multi spark auto ignition option</li>
     </ul>

<h4>Cooking output</h4>
<ul>
  <li>Four burner</li>
  (li>High energy triple ring burner
for faster cooking</li>
  <li>Aluminium alloy burners for longer life</li>
</ul>

<table style=\'width:100%\'>
    <tbody>
    <tr>
        <td colspan=\'2\'>Variant(s)</td>
    </tr>
    <tr>
        <td class=\'left-align\'>COOK TOP 1044 PL AL
</td>
        <td class=\'right-align\'>₹ 6690

</td>
    </tr>
    <tr>
        <td class=\'left-align\'>COOK TOP 1044 PL AL AI
</td>
        <td class=\'right-align\'>₹ 7690

</td>
    </tr>
    <tr>
        <td class=\'left-align\'>Cook Top 1044 TR PL AI
</td>
        <td class=\'right-align\'>₹ 8705

</td>
    </tr>
    
    </tbody>
</table>",7655,0,34
102,GL 4013,"<h4>Features</h4>
<ul>
    <li>450 W motor</li>
    <li>Better juicing</li>
    <li>Soft & compact looks</li>
    <li>Overload protector mechanism</li>
    <li>2 Jars - Liquidiser & Dry grinder</li>
    <li>2 speed setting with pulse</li>
</ul>",3490,0,17
103,GL 1047 PLTR,"
<h4>Features</h4>
<ul>
    <li>India\'s most spacious cooktop</li>
    <li>Single piece deep drawn body made
of rich matt finish steel 1.2 mm thick</li>
<li>Cast iron pan supports</li>
<li>Maximum vessel space, most
convenient burner access</li>
<li>Multi spark auto ignition (AI model)</li>
     </ul>

<h4>Cooking output</h4>
<ul>
  <li>Four burners - 1 triple ring</li>
  <li>3 aluminium alloy</li>
  </ul>
<p>Also available with high flame burner (GL 1047 PLHF)</p>
<table style=\'width:100%\'>
    <tbody>
    <tr>
        <td colspan=\'2\'>Variant(s)</td>
    </tr>
    <tr>
        <td class=\'left-align\'>Cook Top 1047 PL HF
</td>
        <td class=\'right-align\'>₹ 11990

</td>
    </tr>
    <tr>
        <td class=\'left-align\'>Cook Top 1047 PL HF AI
</td>
        <td class=\'right-align\'>₹ 12990

</td>
    </tr>
    <tr>
        <td class=\'left-align\'>Cook Top 1047 TR PL AI
</td>
        <td class=\'right-align\'>₹ 11540

</td>
    </tr>
    
    </tbody>
</table>",10070,0,34
104,GL 1056 PLTR,"
<h4>Features</h4>
<ul>
    <li>Single piece deep drawn body
made of rich matt finish steel</li>
    <li>Sturdy pan support</li>
<li>One touch auto ignition
(optional)</li>

<h4>Cooking output</h4>
<ul>
  <li>Five burners for maximum
cooking capabilities</li>
  <li>Triple ring burner>
  <li>Aluminium alloy burners for
longer life</li>
  </ul>

<table style=\'width:100%\'>
    <tbody>
    
    <tr>
        <td colspan=\'2\'>Variant(s)</td>
    </tr>
    <tr>
        <td class=\'left-align\'>Cook Top 1056 TR PL AI CB
</td>
        <td class=\'right-align\'>₹ 10990
</td>
    
    
    </tbody>
</table>",9690,0,34
105,GL 1020  SSBB,"
<h4>Features</h4>
<ul>
    <li>Sturdy pan supports</li>
    

<h4>Cooking output</h4>
<ul>
  <li>Two burners</li>

  <li>Fuel efficient brass burners</li>
  </ul>

<table style=\'width:100%\'>
    <tbody>
    
    <tr>
       
    </tbody>
</table>",2390,0,35
106,GL 1021  SSBB,"
<h4>Features</h4>
<ul>
    <li>Sturdy pan supports</li>
    <li>SS drip tray</li>
    <li>Long legs for easier cleaning</li>
    

<h4>Cooking output</h4>
<ul>
  <li>Two burners</li>

  <li>Fuel efficient brass burners</li>
  </ul>

<table style=\'width:100%\'>
    <tbody>
    
    <tr>
       
    </tbody>
</table>",3990,0,35
107,GL 1023 SSBB,"
<h4>Features</h4>
<ul>
    <li>Sturdy pan supports</li>
    <li>SS drip tray</li>
    <li>Long legs for easier cleaning</li>
    

<h4>Cooking output</h4>
<ul>
  <li>Two burners</li>

  <li>Fuel efficient brass burners</li>
  </ul>

<table style=\'width:100%\'>
    <tbody>
    
    <tr>
       
    </tbody>
</table>",3490,0,35
108,GL 1025 SSBB,"
<h4>Features</h4>
<ul>
    <li>4 mm thick extra strong pan
supports</li>
    <li>Spacious design, convenient
even for large vessels</li>
   
<h4>Cooking output</h4>
<ul>
  <li>Two burner with modern soft
looks</li>

  <li>Fuel efficient brass burners</li>
  </ul>

<table style=\'width:100%\'>
    <tbody>
    
    <tr>
       
    </tbody>
</table>               ",3990,0,35
109,GL 1026 SSBB,NULL,4190,0,35
110,GL 1033 SSHFDTAL,"
<h4>Features</h4>
<ul>
    <li>4 mm thick extra strong pan supports</li>
    <li>Drip tray for convenient removal of spillage</li>
   <li>Multi-spark auto ignition
(AI models)</li>
<h4>Cooking output</h4>
<ul>
  <li>Three burners</li>
<li>High flame burner for faster cooking</li>
  <li>Aluminium alloy burners for longer life</li>
  </ul>

<table style=\'width:100%\'>
    <tbody>
    
    <tr>
       
    </tbody>
</table>",5890,0,35
111,GL 1035 SSHF,"<h4>Features</h4>
<ul>
    <li>4 mm thick extra strong pan supports</li>
    <li>Maximum cooking space</li>
   <li>Multi-spark auto ignition
(AI models)</li>
<h4>Cooking output</h4>
<ul>
  <li>Three burners</li>
  <li>Maximum cooking space</li>
<li>High flame burner for faster cooking</li>
  <li>Aluminium alloy burners for longer life</li>
  </ul>

<table style=\'width:100%\\\'>
    <tbody>
    <tr>
        <td colspan=\\\'2\\\'>Variant(s)</td>
    </tr>
    <tr>
        <td class=\\\'left-align\\\'>COOK TOP 1035 SS HF AI</td>
        <td class=\\\'right-align\\\'>₹ 7290</td>
    </tr>
 <tr>
        <td class=\\\'left-align\\\'>COOK TOP 1035 SS TR</td>
        <td class=\\\'right-align\\\'>₹ 6990</td>
    </tr>
<tr>
        <td class=\\\'left-align\\\'>COOK TOP 1035 SS TR AI</td>
        <td class=\\\'right-align\\\'>₹ 7990</td>
    </tr>
   
    </tbody>
</table>                ",6190,0,35
112,GL 1035 SSHFBB,NULL,6490,0,35
113,GL 1044 SSAL,"<h4>Features</h4>
<ul>
    <li>4 mm thick extra strong pan supports</li>
    
   <li>Multi-spark auto ignition
(AI models)</li>
<h4>Cooking output</h4>
<ul>
  <li>Four burner</li>
  
  <li>Aluminium alloy burners for longer life</li>
  </ul>

<table style=\\\'width:100%\\\'>
    <tbody>
    <tr>
        <td colspan=\\\'2\\\'>Variant(s)</td>
    </tr>
    <tr>
        <td class=\\\'left-align\\\'>COOK TOP 1044 AL AI</td>
        <td class=\\\'right-align\\\'>₹ 7390</td>
    </tr>
   
    </tbody>
</table>                ",5990,0,35
114,GL 1044 SSBB,"<h4>Features</h4>
<ul>
    <li>4 mm thick extra strong pan supports</li>
    
   <p>Also available in high flame
burner (GL 1044 SSHF)</p>

<h4>Cooking output</h4>
<ul>
  <li>Four burner with modern soft
looks</li>
  
  <li>Fuel efficient brass burners</li>
  </ul>

<table style=\'width:100%\'>
    <tbody>
    <tr>
        <td colspan=\'2\'>Variant(s)</td>
    </tr>
    <tr>
        <td class=\'left-align\'>Cook Top 1044 SS HF</td>
        <td class=\'right-align\'>₹ 6500</td>
    </tr>
   
    </tbody>
</table>",6290,0,35
115,GL 1045 SSHF,"<h4>Features</h4>
<ul>
    <li>Maximum vessel space, most convenient
burner access</li>
    <li>4 mm thick extra strong pan supports</li>
    <li>Multi spark auto ignition
(AI models)</li>
    
</ul>

<h4>Cooking output</h4>
<ul>
  <li>Four burners</li>
  <li>High flame burner for faster cooking</li>
  <li>Aluminium alloy burners for longer life</li>
</ul>

<table style=\'width:100%\'>
    <tbody>
    <tr>
        <td colspan=\'2\'>Variant(s)</td>
    </tr>
    <tr>
        <td class=\'left-align\'>COOK TOP 1045 SS HF AI
</td>
        <td class=\'right-align\'>₹ 8790
</td>
   
    </tbody>
</table>",7590,0,35
116,GL 1013 IC,"<h4>Features</h4>
<ul>
    <li>2 Induction zones</li>
    <li>9 Level digital power display for each zone</li>
    <li>Touch controls</li>
    <li>99 minute timer</li>
    <li>Child safety lock</li>
    <li>Residual heat indicator</li>
    <li>Automatic safety shut-off</li>
    <li>Automatic pan detection</li>
    <li>(W x D) 288 x 520 mm</li>
    <li>(W1 x D1) 268 x 500 mm</li>
</ul>

<h4>Cooking output</h4>
<ul>
  <li>Zone-I 1500 W</li>
  <li>Zone-II 2000 W</li>
</ul>
",26990,0,37
117,GL 1063 TR,"<h4>Features</h4>
<ul>
    <li>Toughened glass</li>
    <li>Cast iron pan supports</li>
    <li>Integrated auto ignition</li>
    <li>Italian gas valves</li>
    <li>Hob (W x D) 580 x 500 mm</li>
    <li>Opening (W1 x D1) 555 x 476 mm</li>
</ul>

<h4>Cooking output</h4>
<ul>
    <li>A spacious three burner</li>
    <li>Triple ring burner for faster cooking</li>
    <li>Rapid and auxiliary burners</li>
</ul>
",12900,0,38
118,GL 1073 TR,"<h4>Features</h4>
<ul>
   <li>8 mm toughened glass</li>
   <li>Cast iron pan supports</li>
   <li>Integrated auto ignition</li>
   <li>Italian gas valves</li>
   <li>Hob (W x D) 730 x 420 mm</li>
   <li>Opening (W1 x D1) 685 x 386 mm</li>
</ul>

<h4>Cooking output</h4>
<ul>
   <li>Spacious three burner</li>
   <li>Triple ring burner for faster cooking</li>
   <li>Rapid and semi-rapid burners</li>
</ul>
",12900,0,38
119,GL 1074 TR,"<h4>Features</h4>
<ul>
    <li>Toughened glass</li>
    <li>Cast iron pan supports</li>
    <li>Integrated auto ignition</li>
    <li>Italian gas valves</li>
    <li>Hob (W x D) 700 x 510 mm</li>
    <li>Opening (W1 x D1) 655 x 476 mm</li>
</ul>
<h4>Cooking output</h4>
<ul>
    <li>The wide and spacious 4 burner</li>
    <li>Triple ring burner for faster cooking</li>
    <li>Rapid and semi rapid burners</li>
</ul>",14900,0,38
120,GL 1075 TR,"<h4>Features</h4>
<ul>
    <li>Toughened glass</li>
    <li>Cast iron pan supports</li>
    <li>Integrated auto ignition</li>
    <li>Italian gas valve</li>
    <li>Hob (W x D) 700 x 510 mm</li>
    <li>Opening (W1 x D1) 655 x 476 mm</li>
</ul>
<h4>Cooking output</h4>
<ul>
    <li>A wide and spacious 5 burner</li>
    <li>Triple ring burner for faster cooking</li>
    <li>Rapid and semi-rapid burners</li>
</ul>",15900,0,38
121,GL 1094 TR,"<h4>Features</h4>
<ul>
    <li>Toughened glass</li>
    <li>Cast iron pan supports</li>
    <li>Integrated auto ignition</li>
    <li>Italian gas valve</li>
    <li>Hob (W x D) 900 x 410 mm</li>
    <li>Opening (W1 x D1) 855 x 360 mm</li>
</ul>
<h4>Cooking output</h4>
<ul>
    <li>Four burner</li>
    <li>Triple ring burner for faster cooking</li>
    <li>Rapid and semi-rapid burners</li>
</ul>",19900,0,38
122,GL 1095 TR,"<h4>Features</h4>
<ul>
    <li>Toughened glass</li>
    <li>Cast iron pan supports</li>
    <li>Integrated auto ignition</li>
    <li>Italian gas valve</li>
    <li>Hob (W x D) 900 x 510 mm</li>
    <li>Opening (W1 x D1) 855 x 476 mm</li>
</ul>
<h4>Cooking output</h4>
<ul>
    <li>Five burner</li>
    <li>Triple ring burner for faster cooking</li>
    <li>Auxiliary, rapid and semi-rapid burners</li>
</ul>",21900,0,38
123,GL 1060 MXT Pro,"<h4>Features</h4>
<ul>
    <li>Matt steel body</li>
    <li>Extra strong cast iron pan supports</li>
    <li>Integrated auto ignition</li>
    <li>Italian gas valve</li>
    <li>Hob (W x D) 590 x 500 mm</li>
    <li>Opening (W1 x D1) 565 x 480 mm</li>
</ul>
<h4>Cooking output</h4>
<ul>
    <li>A four burner</li>
    <li>Triple ring burner</li>
    <li>Auxiliary, rapid and semi-rapid burners</li>
</ul>         ",12990,0,39
124,GL 1073 IN,"<h4>Features</h4>
<ul>
    <li>8 mm thick toughened glass</li>
    <li>Cast iron pan supports and base</li>
    <li>Italian double ring burner specially designed for Indian cooking</li>
    <li>Italian gas valve for no sim-off</li>
    <li>Integrated auto ignition</li>
    <li>Hob (W x D) 730 x 420 mm</li>
    <li>Opening (W1 x D1) 685 x 386 mm</li>
</ul>
<h4>Cooking output</h4>
<ul>
    <li>The wide and spacious 3 burner</li>
    <li>1 Triple ring burner for faster cooking</li>
    <li>2 Double ring burner</li>
</ul>
",20990,0,38
125,GL 6071 Black,"<p class=\""desc\"">
Curved black glass atop the black powder coated chimney
</p>
<h4>Features</h4>
<ul>
    <li>8 mm thick glass</li>
    <li>Large suction area</li>
    <li>Push button control</li>
    <li>Now with 2 baffle filters</li>
    <li>FRP housing</li>
    <li>2 powerful 40 W lamps</li>
    <li>Italian motor with TOP</li>
</ul>

<h4>Performance</h4>
<ul>
  <li>Airflow   1000 m<sup>3</sup>/hr</li>
</ul>

<table style=\'width:100%\'>
    <tbody>
    <tr>
        <td colspan=\'2\'>Variant(s)</td>
    </tr>
    <tr>
        <td class=\'left-align\'>1000 m<sup>3</sup>/hr / 900 mm</td>
        <td class=\'right-align\'>₹ 28990</td>
    </tr>
    </tbody>
</table>",24990,0,27
126,GL 1074 IN,"<h4>Features</h4>
<ul>
    <li>8 mm thick toughened glass</li>
    <li>Cast iron pan supports and base</li>
    <li>Italian double ring burner specially designed for Indian cooking</li>
    <li>Italian gas valve for no sim-off</li>
    <li>Integrated auto ignition</li>
    <li>Hob (W x D) 700 x 510 mm</li>
    <li>Opening (W1 x D1) 655 x 476 mm</li>
</ul>
<h4>Cooking output</h4>
<ul>
    <li>The wide and spacious 4 burner</li>
    <li>1 Triple ring burner for faster cooking</li>
    <li>3 Double ring burner</li>
</ul>",22990,0,38
127,GL 1094 IN,"<h4>Features</h4>
<ul>
    <li>8 mm thick toughened glass</li>
    <li>Cast iron pan supports and base</li>
    <li>Italian double ring burner specially designed for Indian cooking</li>
    <li>Italian gas valve for no sim-off</li>
    <li>Integrated auto ignition</li>
    <li>Hob (W x D) 900 x 410 mm</li>
    <li>Opening (W1 x D1) 855 x 360 mm</li>
</ul>
<h4>Cooking output</h4>
<ul>
    <li>The wide and spacious 4 burner</li>
    <li>1 Triple ring burner for faster cooking</li>
    <li>3 Double ring burner</li>
</ul>",24990,0,38
128,GL 1095 IN,"<h4>Features</h4>
<ul>
    <li>8 mm thick toughened glass</li>
    <li>Cast iron pan supports and base</li>
    <li>Italian double ring burner specially designed for Indian cooking</li>
    <li>Italian gas valve for no sim-off</li>
    <li>Integrated auto ignition</li>
    <li>Hob (W x D) 900 x 510 mm</li>
    <li>Opening (W1 x D1) 855 x 476 mm</li>
</ul>
<h4>Cooking output</h4>
<ul>
    <li>The wide and spacious 4 burner</li>
    <li>1 Triple ring burner for faster cooking</li>
    <li>4 Double ring burner</li>
</ul>",26990,0,38
129,GL 6071 Split,"<p class=\""desc\"">
  Curved glass in a perfect union with stainless steel
</p>
<h4>Features</h4>
<ul>
    <li>8 mm thick glass</li>
    <li>Large suction area</li>
    <li>Push button control</li>
    <li>Now with 2 baffle filters</li>
    <li>PDCA / FRP housing</li>
    <li>2 powerful 40 W lamps</li>
    <li>Italian motor with TOP</li>
</ul>

<h4>Performance</h4>
<ul>
  <li>Airflow  1250 / 1000 m3/hr</li>
</ul>

<table style=\'width:100%\'>
    <tbody>
    <tr>
        <td colspan=\'2\'>Variant(s)</td>
    </tr>
    <tr>
        <td class=\'left-align\'>1250 m<sup>3</sup>/hr / 900 mm</td>
        <td class=\'right-align\'>₹ 16990</td>
    </tr>
    </tbody>
</table>",13990,0,27
130,GL 1011 TR Glass,"<h4>Features</h4>
<ul>
    <li>Toughened glass</li>
    <li>4 mm thick extra strong pan supports</li>
    <li>Integrated auto ignition</li>
    <li>Italian gas valves</li>
    <li>Hob (W x D) 300 x 510 mm</li>
    <li>Opening (W1 x D1) 268 x 476 mm</li>
</ul>
<h4>Cooking output</h4>
<ul>
    <li>The wide and spacious 4 burner</li>
    <li>1 Triple ring burner for faster cooking</li>
    <li>4 Double ring burner</li>
</ul>",7990,0,38
131,GL 6071 SS,"<p class=\""desc\"">
  The strength of steel with the freshness of clear glass
</p>
<h4>Features</h4>
<ul>
    <li>Indoor and outdoor units</li>
    <li>Push button control</li>
    <li>Now with 2 baffle filters</li>
    <li>PDCA housing</li>
    <li>2 powerful 40 W lamps</li>
    <li>Italian motor with TOP</li>
</ul>

<h4>Performance</h4>
<ul>
  <li>Airflow  1250 m<sup>3</sup>/hr</li>
</ul>

<table style=\'width:100%\'>
    <tbody>
    <tr>
        <td colspan=\'2\'>Variant(s)</td>
    </tr>
    <tr>
        <td class=\'left-align\'>1000 m<sup>3</sup>/hr / 900 mm</td>
        <td class=\'right-align\'>₹ 28990</td>
    </tr>
    <tr>
        <td class=\'left-align\'>1250 m<sup>3</sup>/hr / 600 mm</td>
        <td class=\'right-align\'>₹ 27290</td>
    </tr>
    <tr>
        <td class=\'left-align\'>1250 m<sup>3</sup>/hr / 900 mm</td>
        <td class=\'right-align\'>₹ 32990</td>
    </tr>
    </tbody>
</table>",23090,0,28
132,GL 1012 Glass,"<h4>Features</h4>
<ul>
    <li>Toughened glass</li>
    <li>4 mm thick extra strong pan supports</li>
    <li>Integrated auto ignition</li>
    <li>Italian gas valves</li>
    <li>Hob (W x D) 300 x 510 mm</li>
    <li>Opening (W1 x D1) 268 x 476 mm</li>
</ul>
<h4>Cooking output</h4>
<ul>
    <li>Two burner</li>
    <li>Rapid and semi-rapid burners</li>
</ul>
",7990,0,38
133,GL 1012 TR Glass,"<h4>Features</h4>
<ul>
    <li>Toughened glass</li>
    <li>4 mm thick extra strong pan supports</li>
    <li>Integrated auto ignition</li>
    <li>Italian gas valves</li>
    <li>Hob (W x D) 300 x 510 mm</li>
    <li>Opening (W1 x D1) 268 x 476 mm</li>
</ul>
<h4>Cooking output</h4>
<ul>
    <li>Two burner</li>
    <li>Triple ring burner for faster cooking</li>
    <li>Semi-rapid burner</li>
</ul>
",8490,0,38
134,GL 653 MR,"<h4>Features</h4>
<ul>
    <li>Grill</li>
    <li>Medium grill</li>
    <li>Lower heating element</li>
    <li>Natural convection</li>
    <li>Rotisserie</li>
    <li>Opening (W1 x D1) 555 x 476 mm</li>
    <li>Large viewing window</li>
    <li>Double glass door</li>
    <li>Motorised Rotisserie</li>
    <li>Oven light</li>
    <li>Large oven capacity</li>
</ul>
",39990,0,40
135,GL 653 Turbo,"<h4>Features</h4>
<ul>
    <li>Grill</li>
    <li>Medium grill</li>
    <li>Lower heating element</li>
    <li>Natural convection</li>
    <li>Defrosting with fan</li>
    <li>Fan oven</li>
    <li>Fan assisted total grill</li>
    <li>Lower heating element + fan</li>
    <li>Large viewing window</li>
    <li>Double glass door</li>
    <li>Oven light</li>
    <li>Large oven capacity</li>
</ul>",45990,0,40
136,GL 1688 IS,"<p class=\""desc\"">
Fusion of curved glass and stainless steel
</p>
<h4>Features</h4>
<ul>
    <li>Touch control with timer</li>
    <li>SS clad aluminium filter</li>
    <li>FRP housing</li>
    <li>4 energy saving</li>
    <li>2W LED lamps</li>
</ul>

<h4>Performance</h4>
<ul>
  <li>Airflow  1000 m<sup>3</sup>/hr</li>
</ul>",39990,0,29
137,GL 654 Gas,"<h4>Features</h4>
<ul>
    <li>Grill</li>
    <li>Medium grill</li>
    <li>Lower heating element</li>
    <li>Natural convection</li>
    <li>Rotisserie</li>
    <li>Large viewing window</li>
    <li>Double glass door</li>
    <li>Motorised Rotisserie</li>
    <li>One-touch auto ignition</li>
    <li>Flame failure device for maximum safety</li>
    <li>Oven light</li>
</ul>
",55990,0,40
138,GL 673,"<h4>Features</h4>
<ul>
    <li>Microwave</li>
    <li>Defrost</li>
    <li>Grill</li>
    <li>Auto cook</li>
    <li>Electronic built-in-microwave with grill & convention</li>
    <li>Stainless steel finish exterior and chamber</li>
    <li>Pre-set menu, defrost setting</li>
    <li>Cooking end signal,child safety lock</li>
    <li>5 power settings</li>
    <li>14 temperature settings 100 to 230</li>
</ul>",32990,0,41
139,GL 6071 IS,"<p class=\""desc\"">
  Curved glass in a perfect union with stainless steel
</p>
<h4>Features</h4>
<ul>
    <li>Push button control</li>
    <li>With 2 baffle filters</li>
    <li>PDCA housing</li>
    <li>4 energy saving</li>
    <li>1.5W LED lamps</li>
    <li>Italian motor with TOP</li>
</ul>

<h4>Performance</h4>
<ul>
  <li>Airflow  1250 m<sup>3</sup>/hr</li>
</ul>",12990,0,29
140,GL 1065 TR,"<h4>Features</h4>
<ul>
    <li>Toughened glass</li>
    <li>4 mm thick extra strong pan supports</li>
    <li>Integrated auto ignition</li>
    <li>Italian gas valves</li>
    <li>Hob (W x D) 600 x 510 mm</li>
    <li>Opening (W1 x D1) 555 x 476 mm</li>
</ul>
<h4>Cooking output</h4>
<ul>
    <li>Cooking output</li>
    <li>Four burners</li>
    <li>Triple ring burner for faster cooking</li>
    <li>Auxiliary and semi rapid burners</li>
</ul>",12990,0,38
141,GL 1037 GTIC,"<h4>Features</h4>
<ul>
    <li>84 cm wide, 8 mm thick
toughened glass cooktop</li>
    <li>Maximum cooking space</li>
    <li>Rich matt steel body</li>
    <li>Sturdy pan supports</li>
    <li>Stainless steel drip tray</li>
</ul>

<h4>Electrical connection</h4>

<ul>
<li>Electric operated induction zone</li>
<li>240 minutes timer</li>
<li>Auto cut off</li>
<li>Digital display</li>
<li>10 level power setting</li>
<li>Preset Indian cooking function</li>
</ul>

<h4>Cooking output</h4>
<ul>
  <li>Aluminium alloy burners for
longer life</li>
 <li>One induction zone</li>
</ul>",11990,0,33
142,GL 1038 GT,"<h4>Features</h4>
<ul>
    <li>8 mm thick toughened glass</li>
    <li>Rich matt steel body</li>
    <li>4 mm thick pan supports</li>
    <li>Matt SS drip tray</li>
    <li>Multi spark auto ignition
(AI models)</li>
</ul>

<h4>Cooking output</h4>
<ul>
  <li>Three burner</li>
  <li>Aluminium alloy burners for longer life</li>
</ul>

<table style=\'width:100%\'>
    <tbody>
    <tr>
        <td colspan=\'2\'>Variant(s)</td>
    </tr>
    <tr>
        <td class=\'left-align\'>Cook Top 1038 GT AI</td>
        <td class=\'right-align\'>₹ 9990 </td>
    </tr>
    
    </tbody>
</table>",8990,0,32
143,GL 1043 GTAL,"<h4>Features</h4>
<ul>
    <li>Toughened glass top</li>
    <li>Sturdy pan supports</li>
    <li>Stainless steel drip tray</li>
    <li>Rich matt steel body</li>
    </ul>

<h4>Cooking output</h4>
<ul>
  <li>Four burner </li>
  <li>Aluminium alloy burners for longer life</li>
</ul>",7990,0,32
144,GL 1020  SSAL,"
<h4>Features</h4>
<ul>
    <li>Sturdy pan supports</li>
    

<h4>Cooking output</h4>
<ul>
  <li>Two burners</li>

  <li>Aluminium alloy burners for
longer life</li>
  </ul>

<table style=\'width:100%\'>
    <tbody>
    
    <tr>
       
    </tbody>
</table>",2290,0,35
145,GL 1066 TR,"<h4>Features</h4>
<ul>
    <li>Toughened glass</li>
    <li>Cast iron pan supports</li>
    <li>Integrated auto ignition</li>
    <li>Italian gas valves</li>
    <li>Hob (W x D) 590 x 500 mm</li>
    <li>Opening (W1 x D1) 565 x 480 mm</li>
</ul>
<h4>Cooking output</h4>
<ul>
    <li>A four burner fusion of glass & stainless steel</li>
    <li>Triple ring burner for faster cooking</li>
    <li>Auxiliary and semi rapid burners</li>
</ul>",0,0,38
146,GL 656 Turbo,"<h4>Features</h4>
<ul>
    <li>Grill</li>
    <li>Medium grill</li>
    <li>Lower heating element</li>
    <li>Natural convection</li>
    <li>Defrosting with fan</li>
    <li>Fan oven</li>
    <li>Fan assisted total grill</li>
    <li>Lower heating element + fan</li>
    <li>An elegant fusion of glass and stainless steel</li>
    <li>Convection oven with turbo fan</li>
    <li>Large viewing window</li>
    <li>Double glass door</li>
    <li>Oven light</li>
</ul>",55990,0,40
147,GL 657 Touch,"<h4>Features</h4>
<ul>
    <li>Grill</li>
    <li>Top heating+convection</li>
    <li>Back heating+convection</li>
    <li>Grill+Top heating</li>
    <li>Grill+Top heating+Convection</li>
    <li>Top Bottom heating+Convection</li>
    <li>Top+Bottom heating</li>
    <li>Bottom heating+Convection</li>
    <li>Large viewing window</li>
    <li>Double glass door</li>
    <li>Oven light, child safety lock</li>
    <li>Large oven capacity - 56L</li>
    <li>Timer 24 hours</li>
    <li>Grill plate, grill shelf,oil collect plate</li>
    <li>Convection oven with turbo fan</li>
    <li>Dimensions (W x D x H) 595 x 568 x 596 mm</li>
    <li>Opening (W1 x D1 X H1) 565 x 575 x 592 mm</li>
</ul>",0,0,40
148,GL 658 Touch,"<h4>Features</h4>
<ul>
    <li>Grill</li>
    <li>Top heating+convection</li>
    <li>Back heating+convection</li>
    <li>Grill+Top heating</li>
    <li>Grill+Top heating+Convection</li>
    <li>Top Bottom heating+Convection</li>
    <li>Top+Bottom heating</li>
    <li>Bottom heating+Convection</li>
    <li>Large viewing window</li>
</ul>
      ",0,0,40
149,GL 672 Touch,"<h4>Features</h4>
<ul>
    <li>Microwave</li>
    <li>Defrost</li>
    <li>Combi</li>
    <li>Grill</li>
    <li>Auto cook</li>
    <li>Large oven capacity</li>
    <li>Preset auto cook menu</li>
    <li>Defrost by time and weight</li>
    <li>Auto defrost</li>
    <li>Touch control</li>
</ul>",0,0,41
150,GL 6073 SS,"<p class=\""desc\"">
  A sleek new artistic chimney with the perfect interplay of glass and steel
</p>
<h4>Features</h4>
<ul>
    <li>Touch control with timer</li>
    <li>SS clad aluminum filter</li>
    <li>FRP housing</li>
    <li>2 energy saving 2 W LED lamps</li>
</ul>

<h4>Performance</h4>
<ul>
  <li>Airflow  1000 m<sup>3</sup>/hr</li>
</ul>",29990,0,27
151,GL 7011 9 Fin,"<h4>Features</h4>
<ul>
    <li>Environment friendly conducting oil</li>
    <li>Turbo Fan- For
Quick Heating</li>
    <li>Thermostat- To control Room
Temperature</li>
    <li>Overheating protection </li>
    <li>In-built handle
& castor wheels </li>
    <li>3 Power levels </li>
    <li>Power 9/11 fins2000
+ 400 W 13 fins 2500 + 400 W </li>
</ul>



<table style=\\\'width:100%\\\'>
    <tbody>
    <tr>
        <td colspan=\\\'2\\\'>Variant(s)</td>
    </tr>
    <tr>
        <td class=\\\'left-align\\\'>7011 Glen Oil Radiator Heater 11 Fins
</td>
        <td class=\\\'right-align\\\'>₹ 10990
</td>
    </tr>
    <tr>
        <td class=\\\'left-align\\\'>7011 Glen Oil Radiator Heater 13 Fins
</td>
        <td class=\\\'right-align\\\'>₹ 11990
</td>
    </tr>
     
    </tbody>
</table>                ",9990,0,5
152,GL 7013,"<h4>Features</h4>
<ul>
    <li>Energy efficient PTC heating</li>
    <li>Cool/warm/hot air selection</li>
    <li>Thermostat - to control room
temperature</li>
    <li>Overheating protection </li>
    <li>90 degree left & right rotation base </li>
   <li>1000/1800 W</li>
   <li>2 POWER SETTINGS</li>
    
</ul>",4990,0,6
153,GL 7012,"<h4>Features</h4>
<ul>
    <li>Automatic oscillation radius 70
degrees</li>
    <li>LED digital display</li>
    <li>Multifunction
remote control</li>
    <li>Safety tip-over
switch </li>
    <li>Energy efficient PTC
heating </li>
   <li>0.5 to 7.5 hours timer</li>
   <li>Thermostat- To control Room Temperature</li>
<li>Overheating protection</li>
<li>Recessed carry handle</li>
<li>1000/1800 W</li>
<li>2 power settings</li>
    
</ul>                ",9990,0,6
154,GL 2023 PLTR,"<h4>Features</h4>
<ul><li>Top lid - Toughened glass</li>
<li>Gas grill, gas oven </li>
<li>Italian
thermostat for single knob oven
operation (GL 2012PLTR) </li>
<li>Gas grill, electric oven
(GL 2023/24PLTR AI)</li>
<li>Oven light, timer with hold
facility (GL 2023/24PLTR AI)</li>
<li>Auto Ignition - top burners
(AI model)</li>
<li> Motorised Rotisserie (optional)</li>
</ul>                

<h4>Cooking output</h4>
<ul>
  <li>Triple-ring burner </li>
  <li> Alloy burners (GL 2012/23PLTR) </li>
  <li> Alloy burners & 1 hot plate
(GL 2024PLTR AI) </li>
</ul>

<table style=\'width:100%\'>
<tbody>
<tr>
<td colspan=\'2\'>Variant(s)</td>
    </tr>
    <tr>
        <td class=\'left-align\'>Cooking Range 2023 PL TR AI


</td>
        <td class=\'right-align\'>₹ 34990


</td>
    </tr>
    </tbody>
</table>           ",33990,0,3
155,GL 2024 PLTR,"<h4>Features</h4>
<ul><li>Top lid - Toughened glass</li>
<li>Gas grill, gas oven </li>
<li>Italian
thermostat for single knob oven
operation (GL 2012PLTR) </li>
<li>Gas grill, electric oven
(GL 2023/24PLTR AI)</li>
<li>Oven light, timer with hold
facility (GL 2023/24PLTR AI)</li>
<li>Auto Ignition - top burners
(AI model)</li>
<li> Motorised Rotisserie (optional)</li>
</ul>                

<h4>Cooking output</h4>
<ul>
  <li>Triple-ring burner </li>
  <li> Alloy burners (GL 2012/23PLTR) </li>
  <li> Alloy burners & 1 hot plate
(GL 2024PLTR AI) </li>
</ul>

<table style=\'width:100%\'>
<tbody>
<tr>
<td colspan=\'2\'>Variant(s)</td>
    </tr>
    <tr>
        <td class=\'left-align\'>Cooking Range 2024 PL TR AI

</td>
        <td class=\'right-align\'>₹ 34990

</td>
    </tr>
    </tbody>
</table>      ",33990,0,3
156,GL 2013 PLTR,"<h4>Features</h4>
<ul><li>Spill tray-Platinum </li>
<li>Top lid-Toughened glass </li>
<li>Front - Mirror finish toughened
glass</li>
<li>Italian thermostat for single
knob operation </li>
<li>Large Single Chamber Gas Oven
and Grill </li>
<li>Multi spark auto ignition
(Al model) </li>
<li> Motorised Rotisserie (optional)</li>
<li>Flame failure device (oven &
grill, only in AI model)</li>
<li>Light in oven </li>
</ul>                

<h4>Cooking output</h4>
<ul>
  <li>Four burners </li>
  <li> 1 Triple ring </li>
  <li>3 Aluminium alloy burners</li>
</ul>

<table style=\'width:100%\'>
<tbody>
<tr>
<td colspan=\'2\'>Variant(s)</td>
    </tr>
    <tr>
        <td class=\'left-align\'>Cooking Range 2013 PL TR AI FFD

</td>
        <td class=\'right-align\'>₹ 33990

</td>
    </tr>
    </tbody>
</table>    ",30990,0,3
